{
  "t5_training": {
    "train_loss": [
      -0.28482710430101965,
      -0.6121813046864153,
      -0.6395070839182438,
      -0.6371656687767586,
      -0.62903749172062,
      -0.6604924311226928,
      -0.6814204897477995,
      -0.7060307390078709,
      -0.7120919032557113,
      -0.7165144739707547,
      -0.723289238610285,
      -0.7405665474039811,
      -0.7341126686045398,
      -0.7371985237810585,
      -0.7467414830835072
    ],
    "train_acc": [
      50.33355809649513,
      58.339942607466796,
      55.02883043116555,
      50.21481969466961,
      47.98643311008071,
      48.687583234287516,
      48.72830790907653,
      49.79944505944764,
      48.917903518420644,
      48.39005123214746,
      50.12112437825208,
      50.89024600034405,
      49.7129801513637,
      50.04483028534833,
      50.51618723063045
    ],
    "val_loss": [
      -0.5749314416214502,
      -0.6568463566265023,
      -0.6476342841172774,
      -0.6366480866566038,
      -0.6616158553261081,
      -0.7168003176454941,
      -0.7233205843294396,
      -0.7107708225689287,
      -0.725509028071272,
      -0.7507865082420888,
      -0.726981438838782,
      -0.7633281715503815,
      -0.7721704220376302,
      -0.7636011907650962,
      -0.7816894128187439
    ],
    "val_acc": [
      56.97513812154696,
      62.029154518950435,
      56.96665143901325,
      51.7395284962234,
      47.85689793119214,
      50.38804587049693,
      50.464396284829725,
      51.116906678761765,
      48.4360625574977,
      51.97753066605526,
      51.04974897307165,
      53.3395392134047,
      53.484621587374725,
      53.790901835594575,
      55.32848400877497
    ]
  },
  "causal_training": {
    "train_loss": [
      0.22744032433137182,
      -0.009900457400970042,
      -0.12096581650832584,
      -0.16730904242440198,
      -0.2022869848340355,
      -0.26166468231866297,
      -0.31908344456107696,
      -0.3697459358119295,
      -0.4124025194322286,
      -0.4441863388291074,
      -0.471423156246541,
      -0.4934935274170612,
      -0.5173573529283187,
      -0.5368553017994151,
      -0.5546281712290236,
      -0.5680550070710324,
      -0.5834839523862525,
      -0.596871344196244,
      -0.6049958869691393,
      -0.6147834787076156,
      -0.6269794264286239,
      -0.632438432836282,
      -0.6429409699936596,
      -0.6495849091548013,
      -0.6551402358823133,
      -0.6618997687214704,
      -0.6643007494050535,
      -0.6719536418830842,
      -0.6739850826825805,
      -0.6773920024094612,
      -0.6823649935648818,
      -0.6887405534467829,
      -0.6884935800155404,
      -0.6921104223187972,
      -0.6940488430262471,
      -0.6968792233559821,
      -0.6998004770784184,
      -0.7035644507912431,
      -0.7063233399038468,
      -0.7077237494114829,
      -0.710845323827587,
      -0.7133107021246542,
      -0.7155120364345344,
      -0.7168091457517463,
      -0.7165185558513318,
      -0.7218895636182986,
      -0.7212393412256772,
      -0.7257009040943894,
      -0.727249341105462,
      -0.7278566638764259
    ],
    "train_acc": [
      20.523967363590003,
      22.96787353391127,
      22.08312085670576,
      21.01478837327894,
      20.383732789393168,
      21.240438551759304,
      21.60823559408465,
      22.01427842937277,
      22.98062213156553,
      23.31081081081081,
      23.73215196328404,
      23.93676695563488,
      24.35428352881183,
      24.94326874043855,
      25.38628250892402,
      26.016063233044367,
      26.693013768485468,
      27.079296277409487,
      27.279449260581334,
      27.748597654258035,
      28.292325344212138,
      28.549209586945434,
      28.75254971953085,
      29.1847271800102,
      29.164966853646103,
      30.24349821519633,
      30.212901580826106,
      30.754079551249365,
      31.12888832228455,
      30.91152473227945,
      31.712136664966856,
      32.23100458949516,
      32.302396736359,
      32.86970933197348,
      32.892656807751145,
      33.05583885772565,
      33.23431922488526,
      33.72450280469149,
      34.034931157572665,
      34.37723100458949,
      34.4020907700153,
      34.909484956654765,
      35.29449260581336,
      35.523329933707295,
      35.737506374298825,
      36.245537990821006,
      35.972718001019885,
      36.534931157572665,
      36.85683324834268,
      36.998342682304944
    ],
    "val_loss": [
      -0.05841238069662148,
      -0.17529808389199614,
      -0.2062757758930084,
      -0.2143233698948797,
      -0.2357102800774477,
      -0.26043648782553347,
      -0.2959480935358056,
      -0.3287925092013523,
      -0.33298611268410805,
      -0.35205950382791706,
      -0.36328340597338976,
      -0.36874283660877466,
      -0.3828198364017243,
      -0.3885904510466475,
      -0.39921789899413557,
      -0.41103309491113,
      -0.41250488782622996,
      -0.4122741692098701,
      -0.41019622861438415,
      -0.4174832762825598,
      -0.41097231719337074,
      -0.4072537198678212,
      -0.40923134452247834,
      -0.4150750310995797,
      -0.4179373716671969,
      -0.41631580916014294,
      -0.40867839773332176,
      -0.40928874064853704,
      -0.41702625151025086,
      -0.41265038309613133,
      -0.418087318521219,
      -0.4141389905067518,
      -0.42091713528237884,
      -0.4183841676030519,
      -0.4249273105638457,
      -0.4252873652844924,
      -0.4169977599599009,
      -0.41849281316573056,
      -0.42160177236627355,
      -0.4188550799395704,
      -0.41433405758133707,
      -0.42686157316208817,
      -0.42020145202956954,
      -0.4190388653150197,
      -0.420406778454004,
      -0.4148611643577056,
      -0.4199636706910122,
      -0.41643309082451097,
      -0.4191588985553813,
      -0.4130535501309838
    ],
    "val_acc": [
      27.665422111595106,
      27.60838000414852,
      25.29039618336445,
      25.1296411532877,
      24.932586600290396,
      24.777017216345158,
      24.751088985687616,
      24.31030906450944,
      26.05268616469612,
      24.81850238539722,
      25.13482679941921,
      25.808960796515244,
      25.92823065753993,
      26.846090022816842,
      27.41651109728272,
      27.738021157436215,
      27.826177141671852,
      28.4432690313213,
      28.531425015556938,
      29.236672889442023,
      29.361128396598218,
      29.739680564198302,
      29.838207840696953,
      30.185646131507987,
      30.76643849823688,
      31.492428956648,
      31.435386849201414,
      31.933208877826175,
      32.41028832192491,
      32.08359261563991,
      32.62808545944825,
      33.442231902094996,
      33.7015142086704,
      33.87782617714167,
      33.55631611698818,
      33.77929890064302,
      33.991910392034846,
      34.31342045218834,
      34.34453432897739,
      34.72827214270898,
      35.3246214478324,
      35.95208462974487,
      35.796515245799625,
      35.7135449076955,
      36.14395353661066,
      36.097282721427085,
      35.99356979879693,
      36.615847334577886,
      37.326280854594486,
      37.300352623936945
    ]
  }
}