{
  "t5_training": {
    "train_loss": [
      -0.2899144304706952,
      -0.5918318612802591,
      -0.637600422796143,
      -0.6258360268893411,
      -0.6357516567216815,
      -0.6640964241823367,
      -0.6819928701806055,
      -0.6884210476971683,
      -0.709577466545154,
      -0.7081316968338768,
      -0.7255271444861424,
      -0.7266777870278917,
      -0.7417171391044127,
      -0.7439333237361266,
      -0.7511341281899592
    ],
    "train_acc": [
      50.151096529096876,
      56.51066494016534,
      54.12481499044417,
      49.30279883632612,
      46.88367144479749,
      46.492640294388224,
      45.78846374155115,
      46.89957955553013,
      46.72174725195776,
      46.111508220157255,
      48.495165074097386,
      48.79600963192294,
      50.756673791115006,
      50.552117287230224,
      50.43673141018273
    ],
    "val_loss": [
      -0.5869032255411422,
      -0.6517833789223967,
      -0.6769147398594673,
      -0.6632144748491362,
      -0.6609392817271331,
      -0.7191921803320305,
      -0.7238987644022474,
      -0.7350858993263885,
      -0.7402710335401923,
      -0.7760804550724419,
      -0.7298250438423409,
      -0.7710106709561015,
      -0.7807021071721747,
      -0.7701946416298001,
      -0.775317187596832
    ],
    "val_acc": [
      59.935713465732974,
      57.96625523723248,
      54.17724440341565,
      52.075946471462885,
      46.89514760773668,
      48.05329045595498,
      48.19909080312391,
      48.480313147593826,
      46.867483678845495,
      51.473684210526315,
      49.01312036508842,
      52.49505641502849,
      52.248692620569436,
      52.32198142414861,
      51.39767629126884
    ]
  },
  "causal_training": {
    "train_loss": [
      0.24012750735421373,
      0.006424662320660922,
      -0.10666233093013919,
      -0.1511338413614198,
      -0.19151916022626414,
      -0.2557855967704502,
      -0.31010009123208776,
      -0.3554817569512783,
      -0.3996974440937219,
      -0.4347018917329044,
      -0.46254823024317393,
      -0.4927262711478574,
      -0.5121906327447165,
      -0.5284425543603951,
      -0.5431960881805592,
      -0.5607249882751982,
      -0.573003237465331,
      -0.5887610288588895,
      -0.5982561801878084,
      -0.6113818546953931,
      -0.6211075605487187,
      -0.6293601871460968,
      -0.6351622822422188,
      -0.6432730756598012,
      -0.6509400852780967,
      -0.6582721394487974,
      -0.664026964223596,
      -0.6699261502071688,
      -0.6735476985714127,
      -0.6779282931951223,
      -0.6813447745454547,
      -0.6856181893979443,
      -0.6891775131226049,
      -0.690608663022229,
      -0.6966817352204284,
      -0.7000460831345794,
      -0.7040789539190786,
      -0.7041095590550178,
      -0.7068331254861114,
      -0.7087595283651891,
      -0.7135819425767008,
      -0.7175819615367949,
      -0.7157536313838543,
      -0.7196354932720184,
      -0.7203484195200802,
      -0.7223008458877065,
      -0.7237340021399641,
      -0.7270350919245776,
      -0.7284820502614247,
      -0.7292605336281563
    ],
    "train_acc": [
      19.614958040299264,
      22.072918202624646,
      21.189488598116462,
      20.54326433008725,
      20.38683702711193,
      20.24515492072854,
      20.722771071206477,
      21.388228204355602,
      22.1068962643365,
      22.6614438752941,
      22.796715026637518,
      23.817339069001108,
      23.64616656943385,
      23.916067776616682,
      24.52062083688607,
      24.846938448420662,
      25.246982042914933,
      25.859869344736286,
      26.63880038209292,
      27.197194566074508,
      27.554925857304962,
      27.947276305751267,
      28.32808703512562,
      28.572985517652565,
      29.0044427918427,
      29.265368661969575,
      29.56411916683228,
      29.95839290179058,
      30.207779052845503,
      30.82387183218684,
      30.873236185994628,
      31.0418443035459,
      31.40534545431233,
      31.415602982376285,
      32.07849573350942,
      32.3849393844201,
      32.41122430008399,
      32.65612278261092,
      33.183103286896646,
      33.14656084316881,
      33.76457690902214,
      33.95434117820532,
      34.04409454876493,
      34.26783687965996,
      34.52748055877884,
      35.1390856695922,
      35.039715866472626,
      35.43142521941493,
      35.25063628728772,
      35.587852522390264
    ],
    "val_loss": [
      0.05409406757897949,
      -0.06554921075515857,
      -0.12876506921350153,
      -0.10927228920965316,
      -0.1543510267216436,
      -0.1845178796295132,
      -0.22013507924496664,
      -0.23605573308770916,
      -0.25923313115977037,
      -0.27825251446599675,
      -0.27998923296548556,
      -0.2968529871836353,
      -0.297698323281207,
      -0.3038234175761362,
      -0.3020621232591719,
      -0.31861218147573156,
      -0.3178872567890349,
      -0.3225434386407709,
      -0.32192494832463625,
      -0.32563366626267926,
      -0.33310420545532116,
      -0.31657049285487754,
      -0.3219114994286884,
      -0.329597101852645,
      -0.32211218191008606,
      -0.32752562513682726,
      -0.3233367353675431,
      -0.3197412356894999,
      -0.3131819421668355,
      -0.31890158030599375,
      -0.3217579527292308,
      -0.31719041307412926,
      -0.3167731580143159,
      -0.3237097202316097,
      -0.32053917359356554,
      -0.3248694090410209,
      -0.3207829737420056,
      -0.33123426264520306,
      -0.32981720069008574,
      -0.320347399866697,
      -0.32310668544206095,
      -0.3184178646102674,
      -0.3306052763613408,
      -0.32172367182024025,
      -0.32347580731968906,
      -0.32131665546097027,
      -0.3203579881830871,
      -0.3220700469614411,
      -0.32082604563646083,
      -0.3185004285037797
    ],
    "val_acc": [
      26.289583748257318,
      25.70205138418642,
      25.06472814180442,
      23.48635729934276,
      24.039036048595896,
      23.690499900418242,
      25.72694682334196,
      24.70623381796455,
      25.24895439155547,
      25.328619796853218,
      25.487950607448717,
      25.896235809599684,
      26.394144592710617,
      26.902011551483767,
      26.309500099581758,
      27.20573590918144,
      27.370045807608044,
      27.857996415056764,
      28.823939454291974,
      29.600677155945032,
      30.088627763393745,
      30.312686715793667,
      29.501095399322846,
      29.969129655447123,
      29.91435968930492,
      30.666201951802428,
      30.686118303126868,
      30.706034654451305,
      31.88109938259311,
      32.075283808006375,
      32.3590918143796,
      32.428799044015136,
      32.618004381597295,
      32.961561441943836,
      33.2055367456682,
      33.504282015534756,
      33.3150766779526,
      33.60386377215694,
      33.82792272455686,
      34.186417048396734,
      34.47022505476996,
      34.370643298147776,
      35.13244373630751,
      34.918342959569806,
      35.86436964748058,
      35.70005974905398,
      36.05357498506274,
      35.73491336387174,
      35.88428599880502,
      36.342362079267076
    ]
  }
}